Education,Energy,Process,Business,Legislation,Tax,International,constituents,Services,Defence,Transport,Questions,Other,Children & Families,Gender,Legal,Health,Housing,Crime,Civil Society
Topic 1,Topic 2,Topic 3,Topic 4,Topic 5,Topic 6,Topic 7,Topic 8,Topic 9,Topic 10,Topic 11,Topic 12,Topic 13,Topic 14,Topic 15,Topic 16,Topic 17,Topic 18,Topic 19,Topic 20
education,energy,issues,business,amendment,tax,uk,constituents,services,world,transport,report,going,children,women,home,health,housing,police,programme
schools,change,committee,companies,clause,million,european,constituency,service,defence,regional,committee,back,child,men,cases,nhs,council,crime,community
young,fuel,hope,businesses,act,budget,countries,wales,staff,international,jobs,statement,go,care,vote,court,care,homes,officers,organisations
school,climate,process,company,amendments,cuts,eu,day,system,forces,city,review,see,families,labour,justice,hospital,authorities,behaviour,help
children,water,system,financial,legislation,pay,union,two,funding,british,investment,question,things,parents,rights,law,patients,london,young,working
skills,bills,might,small,provisions,chancellor,united,told,provide,security,constituency,department,good,disabled,parliament,legal,mental,councils,prison,taking
training,green,matter,scheme,regulations,cut,trade,months,national,war,london,speaker,like,social,equality,case,treatment,planning,policing,good
teachers,prices,scotland,sector,1,pension,world,like,money,speech,areas,questions,even,carers,party,victims,services,social,safety,lady
students,companies,proposals,industry,information,billion,food,mr,resources,armed,rail,ministers,conservative,family,women's,criminal,cancer,communities,home,steps
parents,industry,concerns,post,section,jobs,europe,family,authority,foreign,north,mr,come,young,pay,courts,medical,areas,use,voluntary